paper_id,model,protocol,inputs,accuracy_percent,macro_f1_percent,kappa,group,source_sheet,source_row,source_url,caveat,verification,comparable_to_local
P02,DeepSleepNet,EDF-20; subject-wise CV,EEG,82,76.9,0.76,Small Sleep-EDF protocols,EDF_کوچک,5,https://arxiv.org/abs/1703.04046,Fpz-Cz; ±30 min wake window,WORKBOOK_TRANSCRIPTION_NOT_ROW_VERIFIED,False
P04,SleepEEGNet,EDF-2013/20; 20-fold CV,EEG,84.26,79.66,0.79,Small Sleep-EDF protocols,EDF_کوچک,6,https://arxiv.org/html/1903.02108v1,Fpz-Cz; original Table IV,WORKBOOK_TRANSCRIPTION_NOT_ROW_VERIFIED,False
P05,IITNet L=10,SleepEDF small cohort,EEG,83.9,77.6,0.78,Small Sleep-EDF protocols,EDF_کوچک,7,https://arxiv.org/abs/1902.06562,Abstract best sequence length L=10,WORKBOOK_TRANSCRIPTION_NOT_ROW_VERIFIED,False
P06,U-Time,EDF-39; 20-fold CV,EEG,,79,,Small Sleep-EDF protocols,EDF_کوچک,8,https://arxiv.org/html/1910.11162v1,Global mean of class F1; rounded to 2 decimals in original paper,WORKBOOK_TRANSCRIPTION_NOT_ROW_VERIFIED,False
P07,TinySleepNet,EDF-20,EEG,85.4,80.5,0.8,Small Sleep-EDF protocols,EDF_کوچک,9,https://arxiv.org/pdf/2108.10600,Reported baseline in SalientSleepNet Table 1 / DeepSleepNet-Lite Table VIII,WORKBOOK_TRANSCRIPTION_NOT_ROW_VERIFIED,False
P08,AttnSleep (single epoch),EDF-20,EEG,84.4,78.1,0.79,Small Sleep-EDF protocols,EDF_کوچک,10,https://personal.ntu.edu.sg/ctguan/Publications/2021_Emad_IEEE_TNSRE.pdf,"Main model, Table V",WORKBOOK_TRANSCRIPTION_NOT_ROW_VERIFIED,False
P08,AttnSleep (3 epochs),EDF-20,EEG,85.6,80.9,0.8,Small Sleep-EDF protocols,EDF_کوچک,11,https://personal.ntu.edu.sg/ctguan/Publications/2021_Emad_IEEE_TNSRE.pdf,"Three-epoch variant, Table VI",WORKBOOK_TRANSCRIPTION_NOT_ROW_VERIFIED,False
P09,XSleepNet2,EDF small; ±30 min,EEG + EOG,86.4,80.9,0.813,Small Sleep-EDF protocols,EDF_کوچک,12,https://arxiv.org/pdf/2007.05492,"Two modalities, Table II",WORKBOOK_TRANSCRIPTION_NOT_ROW_VERIFIED,False
P11,L-SeqSleepNet scratch,EDF-20; LOSO; 5 repetitions,EEG,86.3,79.3,0.813,Small Sleep-EDF protocols,EDF_کوچک,13,https://ar5iv.labs.arxiv.org/html/2301.03441,"Mean across repeated CV experiments, not median across nights",WORKBOOK_TRANSCRIPTION_NOT_ROW_VERIFIED,False
P11,L-SeqSleepNet + SHHS pretraining,EDF-20; LOSO; 5 repetitions,EEG,88.6,82.9,0.845,Small Sleep-EDF protocols,EDF_کوچک,14,https://ar5iv.labs.arxiv.org/html/2301.03441,External pretraining; not scratch,WORKBOOK_TRANSCRIPTION_NOT_ROW_VERIFIED,False
P12,SleePyCo author repository,EDF-2013 SC / 20,EEG,86.8,81.2,0.82,Small Sleep-EDF protocols,EDF_کوچک,15,https://github.com/gist-ailab/SleePyCo,Value from official repository; distinguish from expanded EDF paper table,WORKBOOK_TRANSCRIPTION_NOT_ROW_VERIFIED,False
P13,CatBoost scratch,SC20,EEG + EOG,86,79.7,0.807,Small Sleep-EDF protocols,EDF_کوچک,16,https://arxiv.org/pdf/2207.07753,No EMG; no direct-transfer initialization,WORKBOOK_TRANSCRIPTION_NOT_ROW_VERIFIED,False
P13,CatBoost direct transfer,SC20,EEG + EOG + EMG,86.6,81,0.816,Small Sleep-EDF protocols,EDF_کوچک,17,https://arxiv.org/pdf/2207.07753,Table 3 DT variant; NOT scratch,WORKBOOK_TRANSCRIPTION_NOT_ROW_VERIFIED,False
P14,ZleepAnlystNet,EDF-2013/20,EEG,87.02,82.09,0.8221,Small Sleep-EDF protocols,EDF_کوچک,18,https://www.nature.com/articles/s41598-024-60796-y,Fpz-Cz,WORKBOOK_TRANSCRIPTION_NOT_ROW_VERIFIED,False
P15,DeepSleepNet-Lite,EDF-2013/20; ±30 min,EEG,84,78,0.78,Small Sleep-EDF protocols,EDF_کوچک,19,https://arxiv.org/pdf/2108.10600,All epochs; no uncertainty rejection,WORKBOOK_TRANSCRIPTION_NOT_ROW_VERIFIED,False
P23,SalientSleepNet,EDF-39; 20-fold cross-subject,EEG + EOG,87.5,83,,Small Sleep-EDF protocols,EDF_کوچک,20,https://www.ijcai.org/proceedings/2021/0360.pdf,Table 1; kappa not reported there,WORKBOOK_TRANSCRIPTION_NOT_ROW_VERIFIED,False
P25,Regularized SeqSleepNet,EDF-20; LOSO; 5 repetitions,EEG,86.2,79.3,0.811,Small Sleep-EDF protocols,EDF_کوچک,21,https://api.unil.ch/iris/server/api/core/bitstreams/4c6f4de9-d179-4888-8311-a6ce23042f7d/content,Temporal regularization gamma=1e-4,WORKBOOK_TRANSCRIPTION_NOT_ROW_VERIFIED,False
P30,TransSleep — 2022 preprint,EDF; Fpz-Cz,EEG,86.1,81.7,,Small Sleep-EDF protocols,EDF_کوچک,22,https://arxiv.org/pdf/2203.12590,Preprint Table 2; do not silently substitute final-publication values,WORKBOOK_TRANSCRIPTION_NOT_ROW_VERIFIED,False
P04,SleepEEGNet,EDF-2018; 10-fold CV,EEG,80.03,73.55,0.73,Expanded Sleep-EDF protocols,EDF_بزرگ,5,https://arxiv.org/html/1903.02108v1,Original Table IV; Fpz-Cz,WORKBOOK_TRANSCRIPTION_NOT_ROW_VERIFIED,False
P06,U-Time,EDF-153; 10-fold CV,EEG,,76,,Expanded Sleep-EDF protocols,EDF_بزرگ,6,https://arxiv.org/html/1910.11162v1,"Global macro F1, rounded original Table 2",WORKBOOK_TRANSCRIPTION_NOT_ROW_VERIFIED,False
P07,TinySleepNet,Expanded Sleep-EDF,EEG,83.1,78.1,0.77,Expanded Sleep-EDF protocols,EDF_بزرگ,7,https://arxiv.org/pdf/2108.10600,Reported baseline: DeepSleepNet-Lite Table VIII,WORKBOOK_TRANSCRIPTION_NOT_ROW_VERIFIED,False
P08,AttnSleep (single epoch),EDF-78,EEG,81.3,75.1,0.74,Expanded Sleep-EDF protocols,EDF_بزرگ,8,https://personal.ntu.edu.sg/ctguan/Publications/2021_Emad_IEEE_TNSRE.pdf,Main model Table V,WORKBOOK_TRANSCRIPTION_NOT_ROW_VERIFIED,False
P08,AttnSleep (3 epochs),EDF-78,EEG,82.9,78.1,0.77,Expanded Sleep-EDF protocols,EDF_بزرگ,9,https://personal.ntu.edu.sg/ctguan/Publications/2021_Emad_IEEE_TNSRE.pdf,Three-epoch variant Table VI,WORKBOOK_TRANSCRIPTION_NOT_ROW_VERIFIED,False
P09,XSleepNet2,Expanded EDF; ±30 min,EEG + EOG,84,78.7,0.778,Expanded Sleep-EDF protocols,EDF_بزرگ,10,https://arxiv.org/pdf/2007.05492,Two modalities; Table II,WORKBOOK_TRANSCRIPTION_NOT_ROW_VERIFIED,False
P10,SleepTransformer scratch,Expanded EDF,EEG,81.4,74.3,0.743,Expanded Sleep-EDF protocols,EDF_بزرگ,11,https://arxiv.org/pdf/2105.11043,Without SHHS pretraining,WORKBOOK_TRANSCRIPTION_NOT_ROW_VERIFIED,False
P10,SleepTransformer + SHHS,Expanded EDF,EEG,84.9,78.8,0.789,Expanded Sleep-EDF protocols,EDF_بزرگ,12,https://arxiv.org/pdf/2105.11043,With SHHS pretraining,WORKBOOK_TRANSCRIPTION_NOT_ROW_VERIFIED,False
P12,SleePyCo,Expanded EDF (paper lists 79 subjects),EEG,84.6,79,0.787,Expanded Sleep-EDF protocols,EDF_بزرگ,13,https://arxiv.org/pdf/2209.09452,Table 4; record exclusions must be aligned,WORKBOOK_TRANSCRIPTION_NOT_ROW_VERIFIED,False
P13,CatBoost scratch,SC78,EEG + EOG,83,77.2,0.763,Expanded Sleep-EDF protocols,EDF_بزرگ,14,https://arxiv.org/pdf/2207.07753,"No EMG, Table 3",WORKBOOK_TRANSCRIPTION_NOT_ROW_VERIFIED,False
P13,CatBoost scratch + EMG,SC78,EEG + EOG + EMG,83.1,77.5,0.766,Expanded Sleep-EDF protocols,EDF_بزرگ,15,https://arxiv.org/pdf/2207.07753,"Three signals, Table 3",WORKBOOK_TRANSCRIPTION_NOT_ROW_VERIFIED,False
P15,DeepSleepNet-Lite,EDF-2018; ±30 min,EEG,80.3,75.2,0.73,Expanded Sleep-EDF protocols,EDF_بزرگ,16,https://arxiv.org/pdf/2108.10600,All epochs; uncertainty-rejected subset excluded,WORKBOOK_TRANSCRIPTION_NOT_ROW_VERIFIED,False
P23,SalientSleepNet,EDF-153; 20-fold cross-subject,EEG + EOG,84.1,79.5,,Expanded Sleep-EDF protocols,EDF_بزرگ,17,https://www.ijcai.org/proceedings/2021/0360.pdf,Table 1; not the EDF-39 result,WORKBOOK_TRANSCRIPTION_NOT_ROW_VERIFIED,False
P01,YASA full,NSRR / 585 held-out nights,EEG + EOG + EMG + age/sex,87.46,,0.8188,Other cohorts and aggregation types,سایر_آزمونها,5,https://elifesciences.org/articles/70092,"Nightwise median, NOT pooled. Exact kappa from supplied Figure 1.",WORKBOOK_TRANSCRIPTION_NOT_ROW_VERIFIED,False
P01,YASA EEG+EOG ablation,NSRR / same 585 nights,EEG + EOG,86.92,,0.809,Other cohorts and aggregation types,سایر_آزمونها,6,https://elifesciences.org/articles/70092,Nightwise median; modality-matched but population and split differ.,WORKBOOK_TRANSCRIPTION_NOT_ROW_VERIFIED,False
P02,DeepSleepNet,MASS,EEG,86.2,81.7,0.8,Other cohorts and aggregation types,سایر_آزمونها,7,https://arxiv.org/abs/1703.04046,Pooled metrics; different cohort from EDF.,WORKBOOK_TRANSCRIPTION_NOT_ROW_VERIFIED,False
P03,SeqSleepNet original,MASS; 200 participants,EEG + EOG + EMG,87.1,,,Other cohorts and aggregation types,سایر_آزمونها,8,https://arxiv.org/abs/1809.10932,Original abstract accuracy; MF1/kappa not imported without table verification.,WORKBOOK_TRANSCRIPTION_NOT_ROW_VERIFIED,False
P05,IITNet L=9,MASS,EEG,86.5,80.7,0.8,Other cohorts and aggregation types,سایر_آزمونها,9,https://arxiv.org/abs/1902.06562,Best L=9 in original abstract.,WORKBOOK_TRANSCRIPTION_NOT_ROW_VERIFIED,False
P05,IITNet L=10,SHHS,EEG,86.7,79.8,0.81,Other cohorts and aggregation types,سایر_آزمونها,10,https://arxiv.org/abs/1902.06562,Best L=10 in original abstract.,WORKBOOK_TRANSCRIPTION_NOT_ROW_VERIFIED,False
P09,XSleepNet2 two signals,SHHS,EEG + EOG,88.8,81.8,0.843,Other cohorts and aggregation types,سایر_آزمونها,11,https://arxiv.org/pdf/2007.05492,Table II; pooled.,WORKBOOK_TRANSCRIPTION_NOT_ROW_VERIFIED,False
P09,XSleepNet2 three signals,MASS,EEG + EOG + EMG,87.6,83.8,0.823,Other cohorts and aggregation types,سایر_آزمونها,12,https://arxiv.org/pdf/2007.05492,Table II; pooled.,WORKBOOK_TRANSCRIPTION_NOT_ROW_VERIFIED,False
P10,SleepTransformer,SHHS,EEG,87.7,80.1,0.828,Other cohorts and aggregation types,سایر_آزمونها,13,https://arxiv.org/pdf/2105.11043,"Pooled, not external-cohort zero-shot result.",WORKBOOK_TRANSCRIPTION_NOT_ROW_VERIFIED,False
P12,SleePyCo,MASS,EEG,86.8,82.5,0.811,Other cohorts and aggregation types,سایر_آزمونها,14,https://arxiv.org/pdf/2209.09452,Original Table 4.,WORKBOOK_TRANSCRIPTION_NOT_ROW_VERIFIED,False
P12,SleePyCo,Physio2018,EEG,80.9,78.9,0.737,Other cohorts and aggregation types,سایر_آزمونها,15,https://arxiv.org/pdf/2209.09452,Original Table 4.,WORKBOOK_TRANSCRIPTION_NOT_ROW_VERIFIED,False
P12,SleePyCo,SHHS,EEG,87.9,80.7,0.83,Other cohorts and aggregation types,سایر_آزمونها,16,https://arxiv.org/pdf/2209.09452,Original Table 4.,WORKBOOK_TRANSCRIPTION_NOT_ROW_VERIFIED,False
P16,SimpleSleepNet,DOD-H,Multichannel PSG,89.9,,0.846,Other cohorts and aggregation types,سایر_آزمونها,17,https://arxiv.org/pdf/1911.03221,Mean recording accuracy/kappa; reported F1=89.9 not entered as macro.,WORKBOOK_TRANSCRIPTION_NOT_ROW_VERIFIED,False
P16,SimpleSleepNet,DOD-O,Multichannel PSG,88.7,,0.823,Other cohorts and aggregation types,سایر_آزمونها,18,https://arxiv.org/pdf/1911.03221,Mean recording accuracy/kappa; reported F1=88.3 not entered as macro.,WORKBOOK_TRANSCRIPTION_NOT_ROW_VERIFIED,False
P19,PFTSleep,Held-out test,Multichannel full-night PSG,,,0.81,Other cohorts and aggregation types,سایر_آزمونها,19,https://pubmed.ncbi.nlm.nih.gov/40080690/,Summary-reported kappa; do not equate with EDF test.,WORKBOOK_TRANSCRIPTION_NOT_ROW_VERIFIED,False
P19,PFTSleep zero-shot,APPLES external,Multichannel full-night PSG,,,0.59,Other cohorts and aggregation types,سایر_آزمونها,20,https://pubmed.ncbi.nlm.nih.gov/40080690/,External-cohort kappa.,WORKBOOK_TRANSCRIPTION_NOT_ROW_VERIFIED,False
P19,PFTSleep zero-shot,MESA external,Multichannel full-night PSG,,,0.6,Other cohorts and aggregation types,سایر_آزمونها,21,https://pubmed.ncbi.nlm.nih.gov/40080690/,Before dataset-specific fine-tuning.,WORKBOOK_TRANSCRIPTION_NOT_ROW_VERIFIED,False
P19,PFTSleep zero-shot,MrOS visit 2 external,Multichannel full-night PSG,,,0.75,Other cohorts and aggregation types,سایر_آزمونها,22,https://pubmed.ncbi.nlm.nih.gov/40080690/,External-cohort kappa.,WORKBOOK_TRANSCRIPTION_NOT_ROW_VERIFIED,False
P19,PFTSleep fine-tuned,MESA external / adapted head,Multichannel full-night PSG,,,0.76,Other cohorts and aggregation types,سایر_آزمونها,23,https://pubmed.ncbi.nlm.nih.gov/40080690/,Fine-tuning result is not zero-shot.,WORKBOOK_TRANSCRIPTION_NOT_ROW_VERIFIED,False
P20,SOMNUS / SLEEPYLAND,SEDF-SC OOD,EEG/EOG ensemble + channel vote,92,75.4,0.835,Other cohorts and aggregation types,سایر_آزمونها,24,https://arxiv.org/html/2506.08574v2,Pooled test recordings; Supplementary Table 3 arXiv v2.,WORKBOOK_TRANSCRIPTION_NOT_ROW_VERIFIED,False
P20,SOMNUS / SLEEPYLAND,SEDF-ST OOD,EEG/EOG ensemble + channel vote,83.8,77.5,0.767,Other cohorts and aggregation types,سایر_آزمونها,25,https://arxiv.org/html/2506.08574v2,Pooled test recordings; Supplementary Table 3 arXiv v2.,WORKBOOK_TRANSCRIPTION_NOT_ROW_VERIFIED,False
P20,SOMNUS / SLEEPYLAND,DOD-H OOD,EEG/EOG ensemble + channel vote,90.3,85.7,0.861,Other cohorts and aggregation types,سایر_آزمونها,26,https://arxiv.org/html/2506.08574v2,Pooled test recordings; Supplementary Table 3 arXiv v2.,WORKBOOK_TRANSCRIPTION_NOT_ROW_VERIFIED,False
P20,SOMNUS / SLEEPYLAND,DOD-O OOD,EEG/EOG ensemble + channel vote,87.8,81.6,0.821,Other cohorts and aggregation types,سایر_آزمونها,27,https://arxiv.org/html/2506.08574v2,Pooled test recordings; Supplementary Table 3 arXiv v2.,WORKBOOK_TRANSCRIPTION_NOT_ROW_VERIFIED,False
P24,Independent validation of YASA,75 adults / 483 nights,EEG + EOG + EMG,82.9,,,Other cohorts and aggregation types,سایر_آزمونها,28,https://link.springer.com/article/10.1007/s44470-026-00059-x,Overall agreement as reported; lights-out/lights-on; not Figure 1 median.,WORKBOOK_TRANSCRIPTION_NOT_ROW_VERIFIED,False
P30,TransSleep — 2022 preprint,MASS,EEG,87.4,82.6,,Other cohorts and aggregation types,سایر_آزمونها,29,https://arxiv.org/pdf/2203.12590,"Preprint Table 2, not necessarily final-publication score.",WORKBOOK_TRANSCRIPTION_NOT_ROW_VERIFIED,False
